{
  "event": "GW150914",
  "detector": "L1",
  "Mrem": 68,
  "chi": 0.67,
  "logZ_GR": -16615.99686182046,
  "logZerr_GR": 0.010247551522836575,
  "logZ_EDR": -16615.993894559717,
  "logZerr_EDR": 0.008316720538025022,
  "dlogZ": 0.002967260741570499,
  "BayesFactor": 1.002971667417232,
  "favored": "EDR"
}