{
  "event": "GW151226",
  "detector": "H1",
  "Mrem": 20.5,
  "chi": 0.74,
  "logZ_GR": -16628.947895800695,
  "logZerr_GR": 0.003942479640467237,
  "logZ_EDR": -16628.94789003277,
  "logZerr_EDR": 0.003821308057298537,
  "dlogZ": 5.767924449173734e-06,
  "BayesFactor": 1.0000057679410836,
  "favored": "EDR"
}