{
  "event": "GW151226",
  "detector": "L1",
  "Mrem": 20.5,
  "chi": 0.74,
  "logZ_GR": -16421.213813607068,
  "logZerr_GR": 0.004120924076283985,
  "logZ_EDR": -16421.213818128937,
  "logZerr_EDR": 0.003883177485318029,
  "dlogZ": -4.52186941402033e-06,
  "BayesFactor": 0.9999954781408096,
  "favored": "GR"
}