{
  "event": "GW150914",
  "detector": "H1",
  "Mrem": 68,
  "chi": 0.67,
  "logZ_GR": -16646.997562580633,
  "logZerr_GR": 0.008835840739681864,
  "logZ_EDR": -16646.9951091403,
  "logZerr_EDR": 0.007897589057988246,
  "dlogZ": 0.002453440331009915,
  "BayesFactor": 1.00245645247861,
  "favored": "EDR"
}