{
  "event": "GW170823",
  "detector": "H1",
  "Mrem": 60,
  "chi": 0.72,
  "logZ_GR": -16231.171453527244,
  "logZerr_GR": 0.006008846043395913,
  "logZ_EDR": -16231.170100511334,
  "logZerr_EDR": 0.005209886233099019,
  "dlogZ": 0.0013530159103538608,
  "BayesFactor": 1.0013539316493372,
  "favored": "EDR"
}