{
  "event": "GW170104",
  "detector": "H1",
  "Mrem": 49,
  "chi": 0.66,
  "logZ_GR": -16653.941012462088,
  "logZerr_GR": 0.00557525204564764,
  "logZ_EDR": -16653.94068263907,
  "logZerr_EDR": 0.004933759782364526,
  "dlogZ": 0.000329823018546449,
  "BayesFactor": 1.0003298774161387,
  "favored": "EDR"
}