{
  "event": "GW170608",
  "detector": "L1",
  "Mrem": 19,
  "chi": 0.74,
  "logZ_GR": -16689.487363748205,
  "logZerr_GR": 0.003831108925146835,
  "logZ_EDR": -16689.48736243227,
  "logZerr_EDR": 0.0037969048707020394,
  "dlogZ": 1.3159333320800215e-06,
  "BayesFactor": 1.0000013159341978,
  "favored": "EDR"
}