{
  "event": "GW170608",
  "detector": "H1",
  "Mrem": 19,
  "chi": 0.74,
  "logZ_GR": -16203.633361019107,
  "logZerr_GR": 0.004082368507166974,
  "logZ_EDR": -16203.633364158408,
  "logZerr_EDR": 0.003937711570493938,
  "dlogZ": -3.139301043120213e-06,
  "BayesFactor": 0.9999968607038845,
  "favored": "GR"
}