{
  "event": "GW170104",
  "detector": "L1",
  "Mrem": 49,
  "chi": 0.66,
  "logZ_GR": -16232.439967653876,
  "logZerr_GR": 0.009207635417390404,
  "logZ_EDR": -16232.439978958362,
  "logZerr_EDR": 0.006646177425039743,
  "dlogZ": -1.1304486179142259e-05,
  "BayesFactor": 0.9999886955777163,
  "favored": "GR"
}