{
  "event": "GW170823",
  "detector": "L1",
  "Mrem": 60,
  "chi": 0.72,
  "logZ_GR": -16412.551248091862,
  "logZerr_GR": 0.006569744998515541,
  "logZ_EDR": -16412.549566740603,
  "logZerr_EDR": 0.006045116682432034,
  "dlogZ": 0.0016813512593216728,
  "BayesFactor": 1.0016827655228637,
  "favored": "EDR"
}