{
  "event": "GW170729",
  "detector": "H1",
  "Mrem": 80,
  "chi": 0.81,
  "logZ_GR": -16919.789722836606,
  "logZerr_GR": 0.010609612580125096,
  "logZ_EDR": -16919.77572913136,
  "logZerr_EDR": 0.007344567494275253,
  "dlogZ": 0.013993705244502053,
  "BayesFactor": 1.0140920754567337,
  "favored": "EDR"
}