{
  "event": "GW170814",
  "detector": "H1",
  "Mrem": 54.5,
  "chi": 0.74,
  "logZ_GR": -16764.07772796397,
  "logZerr_GR": 0.005924934071055551,
  "logZ_EDR": -16764.076905687452,
  "logZerr_EDR": 0.005274721070437354,
  "dlogZ": 0.0008222765172831714,
  "BayesFactor": 1.0008226146792998,
  "favored": "EDR"
}