{
  "event": "GW170729",
  "detector": "L1",
  "Mrem": 80,
  "chi": 0.81,
  "logZ_GR": -16540.228001032985,
  "logZerr_GR": 0.010503630676747177,
  "logZ_EDR": -16540.216011623303,
  "logZerr_EDR": 0.008663053194978867,
  "dlogZ": 0.011989409682428231,
  "BayesFactor": 1.0120615707558873,
  "favored": "EDR"
}