{
  "event": "GW170814",
  "detector": "L1",
  "Mrem": 54.5,
  "chi": 0.74,
  "logZ_GR": -16666.836305044522,
  "logZerr_GR": 0.008269894033352283,
  "logZ_EDR": -16666.835433697725,
  "logZerr_EDR": 0.005862366314990336,
  "dlogZ": 0.0008713467977941036,
  "BayesFactor": 1.0008717265307001,
  "favored": "EDR"
}