{
  "event": "GW190814",
  "detector": "L1",
  "Mrem": 25,
  "chi": 0.91,
  "logZ_GR": -16237.564469267783,
  "logZerr_GR": 0.004393751938018366,
  "logZ_EDR": -16237.564510030723,
  "logZerr_EDR": 0.003966091642028612,
  "dlogZ": -4.076293953403365e-05,
  "BayesFactor": 0.9999592378912633,
  "favored": "GR"
}