{
  "event": "GW190521",
  "detector": "L1",
  "Mrem": 142,
  "chi": 0.72,
  "logZ_GR": -16394.06188903297,
  "logZerr_GR": 0.029061364663989547,
  "logZ_EDR": -16393.973796963895,
  "logZerr_EDR": 0.019879470742093973,
  "dlogZ": 0.08809206907608313,
  "BayesFactor": 1.0920886649940644,
  "favored": "EDR"
}