{
  "event": "GW190412",
  "detector": "L1",
  "Mrem": 34,
  "chi": 0.67,
  "logZ_GR": -16665.11871506918,
  "logZerr_GR": 0.0064712951184371,
  "logZ_EDR": -16665.118778153814,
  "logZerr_EDR": 0.005188140212075847,
  "dlogZ": -6.308463343884796e-05,
  "BayesFactor": 0.9999369173563548,
  "favored": "GR"
}