{
  "event": "GW190814",
  "detector": "H1",
  "Mrem": 25,
  "chi": 0.91,
  "logZ_GR": -16227.656612800616,
  "logZerr_GR": 0.004885962139158806,
  "logZ_EDR": -16227.656622862569,
  "logZerr_EDR": 0.00435373321992828,
  "dlogZ": -1.006195270747412e-05,
  "BayesFactor": 0.9999899380979138,
  "favored": "GR"
}