{
  "event": "GW190412",
  "detector": "H1",
  "Mrem": 34,
  "chi": 0.67,
  "logZ_GR": -16335.473735097463,
  "logZerr_GR": 0.0046747005935489135,
  "logZ_EDR": -16335.47375646699,
  "logZerr_EDR": 0.004311492443334534,
  "dlogZ": -2.13695275306236e-05,
  "BayesFactor": 0.9999786307007961,
  "favored": "GR"
}