{
  "event": "GW190521",
  "detector": "H1",
  "Mrem": 142,
  "chi": 0.72,
  "logZ_GR": -16473.497915955195,
  "logZerr_GR": 0.030432508733459054,
  "logZ_EDR": -16473.385008433117,
  "logZerr_EDR": 0.019866900711324933,
  "dlogZ": 0.11290752207787591,
  "BayesFactor": 1.1195283965013747,
  "favored": "EDR"
}